"plotID","date","plotsize","spcode","species","cover","elev","tci","streamdist"
"ATBN-01-0300","08-14-2000",400,"TSUGCAN","Tsuga canadensis",4,600.1,3.97510099,153
"ATBN-01-0303","08-15-2000",1000,"TSUGCAN","Tsuga canadensis",5,896.1,4.70563602,197
"ATBN-01-0304","08-15-2000",1000,"TSUGCAN","Tsuga canadensis",6,947.3,4.44743681,125.3
"ATBN-01-0305","08-15-2000",1000,"TSUGCAN","Tsuga canadensis",4,1027,6.14916992,174.6
"ATBN-01-0306","08-16-2000",1000,"TSUGCAN","Tsuga canadensis",7,450.2,4.1337719,202.5
"ATBN-01-0307","08-16-2000",1000,"TSUGCAN","Tsuga canadensis",3,477,5.58730984,134.2
"ATBN-01-0308","08-16-2000",1000,"TSUGCAN","Tsuga canadensis",5,461.8,4.41563416,31.62
"ATBN-01-0311","09-18-2000",1000,"TSUGCAN","Tsuga canadensis",5,646.7,5.14371109,530.8
"ATBN-01-0313","09-19-2000",1000,"TSUGCAN","Tsuga canadensis",3,1200,4.5200429,346.6
"ATBN-01-0317","09-20-2000",1000,"TSUGCAN","Tsuga canadensis",1,682.7,4.47473812,172
"ATBN-01-0320","09-21-2000",1000,"TSUGCAN","Tsuga canadensis",2,1007,8.11334801,133.4
"ATBN-01-0321","09-21-2000",1000,"TSUGCAN","Tsuga canadensis",3,1063,6.88215303,257.1
"ATBN-01-0323","09-22-2000",1000,"TSUGCAN","Tsuga canadensis",4,941,5.09763908,102
"ATBN-01-0324","09-22-2000",1000,"TSUGCAN","Tsuga canadensis",3,927.7,4.958004,80
"ATBN-01-0401","08-27-2001",1000,"TSUGCAN","Tsuga canadensis",6,1129,6.77596188,80.62
"ATBN-01-0405","08-28-2001",1000,"TSUGCAN","Tsuga canadensis",2,1287,5.35516787,64.03
"ATBN-01-0407","08-29-2001",1000,"TSUGCAN","Tsuga canadensis",4,834.8,5.75439501,10
"ATBN-01-0413","08-30-2001",1000,"TSUGCAN","Tsuga canadensis",3,1435,6.31638908,396.6
"ATBN-01-0415","08-31-2001",1000,"TSUGCAN","Tsuga canadensis",3,675.7,5.40663099,84.85
"ATBN-01-0504","05-10-2002",1000,"TSUGCAN","Tsuga canadensis",4,1482,6.4509058,60.83
"ATBN-01-0512","07-22-2002",1000,"TSUGCAN","Tsuga canadensis",3,500.4,6.98623323,98.49
"ATBN-01-0513","07-22-2002",1000,"TSUGCAN","Tsuga canadensis",5,628.2,5.58941603,20
"ATBN-01-0516","07-23-2002",1000,"TSUGCAN","Tsuga canadensis",6,591.9,14.63,0
"ATBN-01-0518","07-23-2002",600,"TSUGCAN","Tsuga canadensis",5,1509,5.8223362,626.3
"ATBN-01-0526","07-24-2002",1000,"TSUGCAN","Tsuga canadensis",2,903.1,7.21074915,36.06
"ATBN-01-0528","07-24-2002",1000,"TSUGCAN","Tsuga canadensis",5,1444,4.96249819,339.4
"ATBN-01-0529","07-24-2002",1000,"TSUGCAN","Tsuga canadensis",5,1409,4.07326698,240.4
"ATBN-01-0530","07-24-2002",1000,"TSUGCAN","Tsuga canadensis",4,1207,5.55254078,488.4
"ATBN-01-0544","07-26-2002",1000,"TSUGCAN","Tsuga canadensis",4,686.7,4.4099679,36.06
"ATBN-01-0550","07-22-2002",1000,"TSUGCAN","Tsuga canadensis",2,695.8,4.80601501,80
"ATBN-01-0551","08-26-2002",1000,"TSUGCAN","Tsuga canadensis",3,1404,6.86415911,368.8
"ATBN-01-0555","08-27-2002",1000,"TSUGCAN","Tsuga canadensis",5,550.8,4.98604107,374.8
"ATBN-01-0557","08-28-2002",1000,"TSUGCAN","Tsuga canadensis",7,389.4,4.83746576,206.2
"ATBN-01-0558","08-28-2002",600,"TSUGCAN","Tsuga canadensis",6,375.8,3.22985697,116.6
"ATBN-01-0561","08-29-2002",1000,"TSUGCAN","Tsuga canadensis",1,632.1,5.08814096,165.5
"ATBP-01-0010","06-27-1999",10000,"TSUGCAN","Tsuga canadensis",6,1401,6.07579994,490.9
"ATBP-01-0011","07-28-1999",2000,"TSUGCAN","Tsuga canadensis",4,893.3,5.07187319,447.2
"ATBP-01-0012","07-06-1999",2000,"TSUGCAN","Tsuga canadensis",8,1036,4.86714411,104.4
"ATBP-01-0013","05-27-1999",10000,"TSUGCAN","Tsuga canadensis",7,989.2,5.29238605,186.8
"ATBP-01-0014","08-19-1999",10000,"TSUGCAN","Tsuga canadensis",7,1328,4.49903917,NA
"ATBP-01-0015","06-21-1999",2000,"TSUGCAN","Tsuga canadensis",4,1384,6.22253084,189.7
"ATBP-01-0017","06-01-1998",10000,"TSUGCAN","Tsuga canadensis",5,596.8,25,22.36
"DELL-02-0045","08-07-1996",1000,"TSUGCAN","Tsuga canadensis",1,1015,5.6513648,377
"DELL-02-0052","08-08-1996",1000,"TSUGCAN","Tsuga canadensis",4,1051,6.98951197,367.7
"DELL-02-0054","08-27-1996",1000,"TSUGCAN","Tsuga canadensis",1,1338,5.37122917,353.8
"DELL-02-0055","08-29-1996",1000,"TSUGCAN","Tsuga canadensis",6,1176,5.66973686,250
"DELL-02-0057","08-14-1996",1000,"TSUGCAN","Tsuga canadensis",2,1067,5.37263489,377.4
"DELL-02-0100","06-11-1996",1000,"TSUGCAN","Tsuga canadensis",8,791.4,5.20167923,158.1
"DELL-02-0101","07-01-1996",1000,"TSUGCAN","Tsuga canadensis",7,768.7,5.03861618,41.23
"DELL-02-0105","08-19-1996",1000,"TSUGCAN","Tsuga canadensis",9,828.9,4.77252579,180.3
"DELL-02-0106","06-18-1996",1000,"TSUGCAN","Tsuga canadensis",4,885.6,5.9630332,247
"DELL-02-0108","07-16-1996",1000,"TSUGCAN","Tsuga canadensis",1,879.5,5.9129591,325.3
"DELL-02-0109","08-13-1996",1000,"TSUGCAN","Tsuga canadensis",5,760.3,4.44317198,214.7
"DELL-02-0110","07-09-1996",1000,"TSUGCAN","Tsuga canadensis",3,824.4,4.93527794,268.3
"DELL-02-0114","07-15-1996",1000,"TSUGCAN","Tsuga canadensis",4,732,5.14127302,114
"DELL-02-0115","07-02-1996",1000,"TSUGCAN","Tsuga canadensis",8,716.2,5.72402906,85.44
"DELL-02-0116","07-29-1996",1000,"TSUGCAN","Tsuga canadensis",8,921.1,10.64,36.06
"DELL-02-0127","07-30-1996",1000,"TSUGCAN","Tsuga canadensis",2,1164,5.35513592,322
"DELL-02-0129","07-17-1996",1000,"TSUGCAN","Tsuga canadensis",4,877.2,4.17201519,76.16
"DELL-03-0002","07-01-1996",1000,"TSUGCAN","Tsuga canadensis",2,869.1,6.01650381,400.5
"DELL-03-0003","06-20-1996",1000,"TSUGCAN","Tsuga canadensis",2,746.2,3.34025192,141.4
"DELL-03-0006","09-05-1996",1000,"TSUGCAN","Tsuga canadensis",2,1341,6.82645702,230.9
"DELL-03-0007","09-04-1996",1000,"TSUGCAN","Tsuga canadensis",6,1327,4.67902899,148.7
"DELL-03-0008","09-03-1996",1000,"TSUGCAN","Tsuga canadensis",6,1401,3.72033095,261.7
"DELL-03-0010","07-25-1996",1000,"TSUGCAN","Tsuga canadensis",3,1015,7.2793231,10
"DELL-03-0021","07-13-1996",1000,"TSUGCAN","Tsuga canadensis",4,1218,6.22200108,322
"DELL-03-0025","07-22-1996",1000,"TSUGCAN","Tsuga canadensis",7,1213,4.18668318,335.4
"DELL-03-0028","06-12-1996",1000,"TSUGCAN","Tsuga canadensis",6,866.8,4.58699608,223.6
"DELL-03-0029","08-26-1996",1000,"TSUGCAN","Tsuga canadensis",4,870.8,11.76,36.06
"DELL-03-0114","07-24-1996",1000,"TSUGCAN","Tsuga canadensis",3,1229,4.56738806,518.7
"DLAP-01-0012","07-01-1976",1000,"TSUGCAN","Tsuga canadensis",2,805.8,5.8314662,350
"DLAP-01-0013","07-02-1976",1000,"TSUGCAN","Tsuga canadensis",3,892.9,5.68822098,30
"DLAP-01-0014","07-02-1976",1000,"TSUGCAN","Tsuga canadensis",4,855.4,6.82961988,164.9
"DSLM-01-0002","00-00-1972",800,"TSUGCAN","Tsuga canadensis",3,1475,4.81182003,284.3
"DSLM-01-0004","00-00-1972",800,"TSUGCAN","Tsuga canadensis",6,1479,5.1713748,169.7
"DSLM-01-0009","00-00-1972",800,"TSUGCAN","Tsuga canadensis",3,1331,3.96793509,110
"DSLM-01-0012","00-00-1972",800,"TSUGCAN","Tsuga canadensis",6,1411,5.41342497,60
"DSLM-01-0025","00-00-1972",800,"TSUGCAN","Tsuga canadensis",4,1313,4.34098196,304.1
"DSLM-01-0028","00-00-1972",800,"TSUGCAN","Tsuga canadensis",3,1388,4.046278,343.7
"DSLM-01-0037","00-00-1972",800,"TSUGCAN","Tsuga canadensis",5,1428,5.56561089,107.7
"DSLM-01-0082","00-00-1972",800,"TSUGCAN","Tsuga canadensis",3,1355,4.8420682,94.87
"DSLM-01-0083","00-00-1972",800,"TSUGCAN","Tsuga canadensis",4,1281,4.18237019,60.83
"DSLM-01-0084","00-00-1972",800,"TSUGCAN","Tsuga canadensis",4,1393,5.01549006,110
"DSLM-01-0085","00-00-1972",800,"TSUGCAN","Tsuga canadensis",4,1352,5.66043615,50
"DSLM-01-0087","00-00-1972",800,"TSUGCAN","Tsuga canadensis",4,1434,5.14150095,100
"DSLM-01-0088","00-00-1972",800,"TSUGCAN","Tsuga canadensis",5,1447,4.01098204,180
"DSLM-01-0089","00-00-1972",800,"TSUGCAN","Tsuga canadensis",4,1368,5.34712505,10
"DSLM-01-0115","00-00-1972",800,"TSUGCAN","Tsuga canadensis",4,1492,4.74397278,468.6
"DSLM-01-0185","00-00-1972",800,"TSUGCAN","Tsuga canadensis",4,1330,5.24024487,60
"DSLM-01-0303","00-00-1972",800,"TSUGCAN","Tsuga canadensis",3,1434,5.20583916,140
"DSLM-01-0304","00-00-1972",800,"TSUGCAN","Tsuga canadensis",5,1487,5.43106413,360.6
"DSLM-01-0306","00-00-1972",800,"TSUGCAN","Tsuga canadensis",3,1268,4.32509422,218.4
"DSLM-01-0307","00-00-1972",800,"TSUGCAN","Tsuga canadensis",3,1557,5.80845594,465.2
"DSLM-01-0308","00-00-1972",800,"TSUGCAN","Tsuga canadensis",4,1453,4.12310123,233.5
"DSLM-01-0310","00-00-1972",800,"TSUGCAN","Tsuga canadensis",4,1550,5.38570213,510.9
"DSLM-01-0311","00-00-1972",800,"TSUGCAN","Tsuga canadensis",3,1447,3.65149498,272
"DSLM-01-0320","00-00-1972",800,"TSUGCAN","Tsuga canadensis",5,1307,4.50789404,243.5
"DSLM-01-0321","00-00-1972",800,"TSUGCAN","Tsuga canadensis",3,1508,4.6348362,205.9
"DSLM-01-0322","00-00-1972",800,"TSUGCAN","Tsuga canadensis",3,1468,8.38594818,53.85
"DSLM-01-0325","00-00-1972",800,"TSUGCAN","Tsuga canadensis",3,1397,5.79966593,76.16
"DSLM-01-0328","00-00-1972",800,"TSUGCAN","Tsuga canadensis",4,1382,5.59456015,202.5
"DSLM-01-0329","00-00-1972",800,"TSUGCAN","Tsuga canadensis",3,1469,5.76541185,111.8
"DSLM-01-0340","00-00-1972",800,"TSUGCAN","Tsuga canadensis",3,1530,5.86418486,220.2
"DSLM-01-0341","00-00-1972",800,"TSUGCAN","Tsuga canadensis",3,1376,5.83063412,0
"FRID-01-0001","05-21-2004",1000,"TSUGCAN","Tsuga canadensis",4,720.3,4.08203411,98.99
"FRID-01-0002","05-22-2004",1000,"TSUGCAN","Tsuga canadensis",1,725.9,6.59966707,136
"FRID-01-0004","05-24-2004",1000,"TSUGCAN","Tsuga canadensis",5,859.1,4.89706898,130
"FRID-01-0006","05-26-2004",1000,"TSUGCAN","Tsuga canadensis",2,670.9,4.81561184,63.25
"FRID-01-0007","06-16-2004",1000,"TSUGCAN","Tsuga canadensis",1,741,4.35483885,327.6
"FRID-01-0009","06-19-2004",1000,"TSUGCAN","Tsuga canadensis",6,665.5,4.77475882,194.2
"FRID-01-0011","07-06-2004",400,"TSUGCAN","Tsuga canadensis",7,844.7,7.34298182,367.2
"FRID-01-0013","07-07-2004",1000,"TSUGCAN","Tsuga canadensis",7,885.7,6.54796314,50
"FRID-01-0015","07-08-2004",1000,"TSUGCAN","Tsuga canadensis",1,639.7,4.60362005,219.3
"FRID-02-0014","07-08-2004",1000,"TSUGCAN","Tsuga canadensis",2,607.9,4.88558483,176.9
"FRID-08-0012","07-07-2004",1000,"TSUGCAN","Tsuga canadensis",5,884,13.27,10
"FRID-0T-0001","06-10-2004",100,"TSUGCAN","Tsuga canadensis",7,559.9,6.21907806,56.57
"FRID-0T-0002","06-10-2004",100,"TSUGCAN","Tsuga canadensis",5,596,6.70702505,36.06
"FRID-0T-0003","06-10-2004",100,"TSUGCAN","Tsuga canadensis",8,636,4.69217587,40
"FRID-0T-0005","06-10-2004",100,"TSUGCAN","Tsuga canadensis",8,683.5,3.98786211,107.7
"FRID-0T-0006","06-11-2004",100,"TSUGCAN","Tsuga canadensis",5,1459,6.11849308,327.6
"FRID-0T-0008","06-11-2004",100,"TSUGCAN","Tsuga canadensis",5,1393,3.949471,537.1
"FRID-0T-0009","06-11-2004",100,"TSUGCAN","Tsuga canadensis",4,1378,4.09776306,482.7
"FRID-0T-0010","06-11-2004",100,"TSUGCAN","Tsuga canadensis",2,1246,5.84751987,90.55
"FRID-0T-0018","06-12-2004",100,"TSUGCAN","Tsuga canadensis",8,1578,5.59797478,434.2
"FRID-0T-0019","06-12-2004",100,"TSUGCAN","Tsuga canadensis",3,1504,6.38938713,544.9
"FRID-0T-0020","06-13-2004",100,"TSUGCAN","Tsuga canadensis",6,641.5,7.43696022,31.62
"FRID-0T-0021","06-13-2004",100,"TSUGCAN","Tsuga canadensis",5,643.6,11.16,10
"FRID-0T-0022","06-13-2004",100,"TSUGCAN","Tsuga canadensis",6,678.9,7.06037712,50
"FRID-0T-0023","06-13-2004",100,"TSUGCAN","Tsuga canadensis",6,685,6.75654221,20
"FRID-0T-0024","06-13-2004",100,"TSUGCAN","Tsuga canadensis",6,727.7,4.90957689,50
"FRID-0T-0025","06-14-2004",100,"TSUGCAN","Tsuga canadensis",7,1085,12.77,22.36
"FRID-0T-0026","06-14-2004",100,"TSUGCAN","Tsuga canadensis",8,1049,8.04314041,20
"FRID-0T-0027","06-14-2004",100,"TSUGCAN","Tsuga canadensis",9,1030,7.45590305,31.62
"FRID-0T-0028","06-14-2004",100,"TSUGCAN","Tsuga canadensis",8,999.2,8.64093113,14.14
"FRID-0T-0029","06-15-2004",100,"TSUGCAN","Tsuga canadensis",6,743.3,7.8506732,53.85
"FRID-0T-0030","06-15-2004",100,"TSUGCAN","Tsuga canadensis",3,794.4,8.83848763,20
"FRID-0T-0031","06-15-2004",100,"TSUGCAN","Tsuga canadensis",6,813.5,4.94565392,56.57
"FRID-0T-0032","06-15-2004",100,"TSUGCAN","Tsuga canadensis",8,803.1,5.93446589,14.14
"FRID-0T-0033","06-15-2004",100,"TSUGCAN","Tsuga canadensis",8,838.7,4.44005394,0
"FRID-0T-0034","06-17-2004",100,"TSUGCAN","Tsuga canadensis",7,990.7,5.89945698,67.08
"FRID-0T-0035","06-17-2004",100,"TSUGCAN","Tsuga canadensis",6,960.8,7.44308996,22.36
"FRID-0T-0036","06-17-2004",100,"TSUGCAN","Tsuga canadensis",5,941.6,4.6236968,90
"FRID-0T-0037","06-17-2004",100,"TSUGCAN","Tsuga canadensis",8,907.8,5.60139608,41.23
"FRID-0T-0038","06-17-2004",100,"TSUGCAN","Tsuga canadensis",6,884.4,7.06824207,98.49
"FRID-0T-0039","06-18-2004",100,"TSUGCAN","Tsuga canadensis",5,840.7,8.79245758,20
"MILL-01-0024","00-00-1978",1000,"TSUGCAN","Tsuga canadensis",7,670.6,25,92.2
"MILL-03-0020","00-00-1978",1000,"TSUGCAN","Tsuga canadensis",6,947.2,5.95981312,131.5
"MILL-07-0024","00-00-1978",1000,"TSUGCAN","Tsuga canadensis",10,494.2,12.26,0
"MILL-07-0052","00-00-1978",1000,"TSUGCAN","Tsuga canadensis",6,645.2,8.72260094,85.44
"MILL-10-0019","00-00-1978",1000,"TSUGCAN","Tsuga canadensis",5,534.9,4.13403893,40
"MILL-11-0017","00-00-1978",1000,"TSUGCAN","Tsuga canadensis",6,677,4.49968719,287.9
"MILL-12-0007","00-00-1978",1000,"TSUGCAN","Tsuga canadensis",3,859,5.11756897,102
"MILL-17-0010","00-00-1978",1000,"TSUGCAN","Tsuga canadensis",3,869,3.96050692,100
"MILL-17-0015","00-00-1978",1000,"TSUGCAN","Tsuga canadensis",3,867.5,5.06390095,58.31
"MILL-18-0021","00-00-1978",1000,"TSUGCAN","Tsuga canadensis",3,717.7,6.16744995,107.7
"MILL-20-0010","00-00-1978",1000,"TSUGCAN","Tsuga canadensis",4,732.3,4.30205011,22.36
"MILL-20-0044","00-00-1978",1000,"TSUGCAN","Tsuga canadensis",6,1190,4.8611598,103
"MILL-20-0067","00-00-1978",1000,"TSUGCAN","Tsuga canadensis",4,1161,5.02695179,130
"MILL-24-0016","00-00-1978",1000,"TSUGCAN","Tsuga canadensis",6,1183,4.84606981,60
"MILL-24-0059","00-00-1978",1000,"TSUGCAN","Tsuga canadensis",4,1313,5.34805107,169.7
"MILL-25-0044","00-00-1978",1000,"TSUGCAN","Tsuga canadensis",6,1217,6.42335892,30
"MILL-27-0041","00-00-1978",1000,"TSUGCAN","Tsuga canadensis",6,1292,5.22598886,152.3
"MILL-27-0061","00-00-1978",1000,"TSUGCAN","Tsuga canadensis",5,939.6,3.72890592,92.2
"MILL-27-0110","00-00-1978",1000,"TSUGCAN","Tsuga canadensis",5,830.2,4.43833685,20
"MILL-27-0202","00-00-1978",1000,"TSUGCAN","Tsuga canadensis",5,1192,7.23307896,10
"PITT-01-0001","05-27-1998",1000,"TSUGCAN","Tsuga canadensis",8,970.7,6.1395359,50.99
"PITT-01-0002","06-01-1998",1000,"TSUGCAN","Tsuga canadensis",9,919.5,6.20673513,50
"PITT-01-0003","06-02-1998",1000,"TSUGCAN","Tsuga canadensis",8,908.9,6.57194281,94.34
"PITT-01-0005","06-03-1998",1000,"TSUGCAN","Tsuga canadensis",8,1054,5.7054162,165.5
"PITT-01-0006","06-15-1998",1000,"TSUGCAN","Tsuga canadensis",7,920.4,4.13903999,142.1
"PITT-01-0007","06-16-1998",1000,"TSUGCAN","Tsuga canadensis",8,1145,5.12563515,152.3
"PITT-01-0008","06-17-1998",1000,"TSUGCAN","Tsuga canadensis",9,1234,5.29963684,281.6
"PITT-01-0009","06-18-1998",1000,"TSUGCAN","Tsuga canadensis",3,917.7,4.81174707,136
"PITT-01-0010","06-22-1998",1000,"TSUGCAN","Tsuga canadensis",6,1121,5.36382103,281.6
"PITT-01-0011","06-23-1998",1000,"TSUGCAN","Tsuga canadensis",8,1134,5.10715389,64.03
"PITT-01-0012","06-24-1998",1000,"TSUGCAN","Tsuga canadensis",7,1019,5.61283112,476.3
"PITT-01-0014","07-01-1998",1000,"TSUGCAN","Tsuga canadensis",7,1214,5.45581198,169.7
"PITT-01-0015","07-02-1998",1000,"TSUGCAN","Tsuga canadensis",7,1447,4.44888878,89.44
"PITT-01-0016","07-07-1998",1000,"TSUGCAN","Tsuga canadensis",7,905.8,8.82238483,20
"PITT-01-0017","07-08-1998",1000,"TSUGCAN","Tsuga canadensis",9,1015,6.66399097,255
"PITT-01-0018","07-09-1998",1000,"TSUGCAN","Tsuga canadensis",8,866.8,4.24502897,20
"PITT-01-0019","07-13-1998",1000,"TSUGCAN","Tsuga canadensis",8,1318,4.82635307,198
"PITT-01-0020","07-14-1998",1000,"TSUGCAN","Tsuga canadensis",9,1267,5.57712603,44.72
"PITT-01-0021","07-15-1998",1000,"TSUGCAN","Tsuga canadensis",7,1181,9.44544983,10
"PITT-01-0022","07-20-1998",1000,"TSUGCAN","Tsuga canadensis",8,1487,3.95891809,262.5
"PITT-01-0023","07-22-1998",1000,"TSUGCAN","Tsuga canadensis",8,918.3,4.41510916,76.16
"PITT-01-0024","07-27-1998",1000,"TSUGCAN","Tsuga canadensis",8,988.4,8.58088684,36.06
"PITT-01-0025","07-29-1998",1000,"TSUGCAN","Tsuga canadensis",8,939.3,5.4027791,134.5
"PITT-01-0026","07-30-1998",1000,"TSUGCAN","Tsuga canadensis",8,1206,4.76958799,10
"PITT-01-0027","08-03-1998",1000,"TSUGCAN","Tsuga canadensis",7,980.5,4.8444171,63.25
"PITT-01-0028","08-04-1998",1000,"TSUGCAN","Tsuga canadensis",9,952.8,7.43198395,36.06
"PITT-01-0029","08-05-1998",1000,"TSUGCAN","Tsuga canadensis",8,882.3,5.15354681,50
"PITT-01-0030","08-11-1998",1000,"TSUGCAN","Tsuga canadensis",8,1113,3.4010179,84.85
"PITT-01-0031","08-12-1998",1000,"TSUGCAN","Tsuga canadensis",8,1504,4.49612808,218.4
"PITT-01-0032","08-13-1998",1000,"TSUGCAN","Tsuga canadensis",8,847,6.38500595,50
"PITT-01-0033","08-17-1998",1000,"TSUGCAN","Tsuga canadensis",8,834.5,5.5891118,22.36
"PITT-01-0034","08-18-1998",1000,"TSUGCAN","Tsuga canadensis",8,1313,7.65364122,31.62
"PITT-01-0035","08-19-1998",1000,"TSUGCAN","Tsuga canadensis",6,1310,5.38711596,141.4
"PITT-01-0036","08-22-1998",1000,"TSUGCAN","Tsuga canadensis",9,859.8,6.00051403,89.44
"PITT-01-0037","09-04-1998",1000,"TSUGCAN","Tsuga canadensis",8,1185,4.73946524,264
"PITT-01-0038","09-05-1998",1000,"TSUGCAN","Tsuga canadensis",8,1533,4.52862883,337.3
"PITT-01-0039","09-10-1998",1000,"TSUGCAN","Tsuga canadensis",6,910,5.95543623,14.14
"PITT-01-0040","09-11-1998",1000,"TSUGCAN","Tsuga canadensis",8,859.5,7.11973906,104.4
"PITT-01-0041","09-24-1998",1000,"TSUGCAN","Tsuga canadensis",8,801.3,7.50090694,41.23
"PITT-01-0042","10-06-1998",1000,"TSUGCAN","Tsuga canadensis",8,793.7,10.53,0
"PITT-01-0043","10-13-1998",1000,"TSUGCAN","Tsuga canadensis",7,802.3,6.070086,90.55
"PITT-01-0044","10-19-1998",1000,"TSUGCAN","Tsuga canadensis",7,1072,11.15,10
"PITT-01-0045","10-29-1998",1000,"TSUGCAN","Tsuga canadensis",8,1504,4.37374115,237.1
"UFRL-01-0001","00-00-1977",1000,"TSUGCAN","Tsuga canadensis",2,628.4,3.91855192,120.4
"UFRL-01-0002","00-00-1977",1000,"TSUGCAN","Tsuga canadensis",6,551.7,7.12312412,14.14
"UFRL-01-0003","00-00-1977",1000,"TSUGCAN","Tsuga canadensis",3,683.7,4.15644693,22.36
"UFRL-01-0004","00-00-1977",1000,"TSUGCAN","Tsuga canadensis",6,444.2,4.41574621,28.28
"UFRL-01-0005","00-00-1977",1000,"TSUGCAN","Tsuga canadensis",7,437.7,6.78083277,0
"UFRL-01-0006","00-00-1977",1000,"TSUGCAN","Tsuga canadensis",2,613.5,3.636199,272
"UFRL-01-0007","00-00-1977",1000,"TSUGCAN","Tsuga canadensis",4,595.6,4.46126795,250.8
"UFRL-01-0008","00-00-1977",1000,"TSUGCAN","Tsuga canadensis",6,584,4.80739689,108.2
"UFRL-01-0009","00-00-1977",1000,"TSUGCAN","Tsuga canadensis",2,598.8,4.82904005,210.2
"UFRL-01-0010","00-00-1977",1000,"TSUGCAN","Tsuga canadensis",3,606.2,3.7613709,252.4
"UFRL-01-0013","00-00-1977",1000,"TSUGCAN","Tsuga canadensis",3,941,4.39282799,320.6
"UFRL-01-0015","00-00-1977",1000,"TSUGCAN","Tsuga canadensis",1,883.4,5.40982389,108.2
"UFRL-01-0017","00-00-1977",1000,"TSUGCAN","Tsuga canadensis",3,722.2,4.19182587,317.8
"UFRL-01-0019","00-00-1977",1000,"TSUGCAN","Tsuga canadensis",2,625.5,4.68501806,63.25
"UFRL-01-0020","00-00-1977",1000,"TSUGCAN","Tsuga canadensis",5,613.4,4.98365498,36.06
"UFRL-01-0021","00-00-1977",1000,"TSUGCAN","Tsuga canadensis",8,510.3,8.76585293,312.6
"UFRL-01-0022","00-00-1977",1000,"TSUGCAN","Tsuga canadensis",7,457.3,9.2308197,28.28
"UFRL-01-0028","00-00-1977",1000,"TSUGCAN","Tsuga canadensis",4,817.5,8.70455647,465.3
"UFRL-01-0029","00-00-1977",1000,"TSUGCAN","Tsuga canadensis",1,840.3,7.90501118,408
"UFRL-01-0030","00-00-1977",1000,"TSUGCAN","Tsuga canadensis",7,544.6,8.5399971,160
"UFRL-01-0031","00-00-1977",1000,"TSUGCAN","Tsuga canadensis",2,568.9,10.67,250.8
"UFRL-01-0032","00-00-1977",1000,"TSUGCAN","Tsuga canadensis",4,678.1,5.25798607,214
"UFRL-01-0033","00-00-1977",1000,"TSUGCAN","Tsuga canadensis",4,581.1,4.57624388,64.03
"UFRL-01-0034","00-00-1977",1000,"TSUGCAN","Tsuga canadensis",7,582.7,6.23814106,176.9
"UFRL-01-0044","00-00-1977",1000,"TSUGCAN","Tsuga canadensis",3,610.7,4.52831793,277.3
"UFRL-01-0045","00-00-1977",1000,"TSUGCAN","Tsuga canadensis",1,637.3,4.85419703,300.8
"UFRL-01-0046","00-00-1978",1000,"TSUGCAN","Tsuga canadensis",4,614.4,5.13394117,186
"UFRL-01-0047","00-00-1978",1000,"TSUGCAN","Tsuga canadensis",2,584.3,6.47289991,85.44
"UFRL-01-0047","00-00-1978",1000,"TSUGCAN","Tsuga canadensis",2,607,4.79977417,114
"UFRL-01-0047","07-17-2000",1000,"TSUGCAN","Tsuga canadensis",4,584.3,6.47289991,85.44
"UFRL-01-0047","07-17-2000",1000,"TSUGCAN","Tsuga canadensis",4,607,4.79977417,114
"UFRL-01-0048","00-00-1978",1000,"TSUGCAN","Tsuga canadensis",3,574.8,4.37171078,0
"UFRL-01-0048","00-00-1978",1000,"TSUGCAN","Tsuga canadensis",3,608.7,3.64123893,36.06
"UFRL-01-0048","07-18-2000",1000,"TSUGCAN","Tsuga canadensis",7,574.8,4.37171078,0
"UFRL-01-0048","07-18-2000",1000,"TSUGCAN","Tsuga canadensis",7,608.7,3.64123893,36.06
"UFRL-01-0049","00-00-1978",1000,"TSUGCAN","Tsuga canadensis",7,607.8,5.16231585,28.28
"UFRL-01-0050","00-00-1978",1000,"TSUGCAN","Tsuga canadensis",6,592.6,5.35637188,31.62
"UFRL-01-0051","00-00-1978",1000,"TSUGCAN","Tsuga canadensis",7,565.1,5.09103489,50
"UFRL-01-0052","00-00-1978",1000,"TSUGCAN","Tsuga canadensis",7,481.8,4.45236206,14.14
"UFRL-01-0053","00-00-1978",1000,"TSUGCAN","Tsuga canadensis",7,603,6.0051198,36.06
"UFRL-01-0054","00-00-1978",1000,"TSUGCAN","Tsuga canadensis",7,614.6,5.21767616,382.1
"UFRL-01-0055","00-00-1978",1000,"TSUGCAN","Tsuga canadensis",6,669.3,9.71498203,378.5
"UFRL-01-0056","00-00-1978",1000,"TSUGCAN","Tsuga canadensis",4,691.1,5.42046499,317.6
"UFRL-01-0057","00-00-1978",1000,"TSUGCAN","Tsuga canadensis",5,611.7,10.24,197.2
"UFRL-01-0058","00-00-1978",1000,"TSUGCAN","Tsuga canadensis",4,690.8,4.80152607,230
"UFRL-01-0059","00-00-1978",1000,"TSUGCAN","Tsuga canadensis",7,650.8,3.88353205,386.4
"UFRL-01-0061","00-00-1978",1000,"TSUGCAN","Tsuga canadensis",5,673.2,5.40900183,520.1
"UFRL-01-0062","00-00-1978",1000,"TSUGCAN","Tsuga canadensis",4,680.2,4.7884531,460
"UFRL-01-0063","00-00-1978",1000,"TSUGCAN","Tsuga canadensis",3,676.8,3.841851,237.1
"UFRL-01-0065","00-00-1978",1000,"TSUGCAN","Tsuga canadensis",1,750.6,7.00905085,301.5
"UFRL-01-0066","00-00-1978",1000,"TSUGCAN","Tsuga canadensis",7,659.7,7.15281677,10
"UFRL-01-0067","00-00-1978",1000,"TSUGCAN","Tsuga canadensis",4,751.5,5.0061202,219.3
"UFRL-01-0068","00-00-1978",1000,"TSUGCAN","Tsuga canadensis",1,752.9,4.58780289,205.2
"UFRL-01-0069","00-00-1978",1000,"TSUGCAN","Tsuga canadensis",4,731.2,4.71225786,169.7
"UFRL-01-0069","00-00-1978",1000,"TSUGCAN","Tsuga canadensis",4,705.1,10.48,98.99
"UFRL-01-0070","00-00-1978",1000,"TSUGCAN","Tsuga canadensis",3,514.3,3.77509809,150
"UFRL-01-0071","00-00-1978",1000,"TSUGCAN","Tsuga canadensis",7,446.6,4.69749117,50
"UFRL-01-0072","00-00-1978",1000,"TSUGCAN","Tsuga canadensis",3,518.3,4.35624313,220
"UFRL-01-0074","00-00-1978",1000,"TSUGCAN","Tsuga canadensis",5,413.1,6.75950623,10
"UFRL-01-0075","00-00-1978",1000,"TSUGCAN","Tsuga canadensis",7,443.3,8.6936121,10
"UFRL-01-0076","00-00-1978",1000,"TSUGCAN","Tsuga canadensis",5,478.2,5.47542715,100.5
"UFRL-01-0077","00-00-1978",1000,"TSUGCAN","Tsuga canadensis",5,339.8,5.53444195,50
"UFRL-01-0078","00-00-1978",1000,"TSUGCAN","Tsuga canadensis",4,351,5.04492712,92.2
"UFRL-01-0079","00-00-1978",1000,"TSUGCAN","Tsuga canadensis",5,326.3,6.51829004,40
"UFRL-01-0080","00-00-1978",1000,"TSUGCAN","Tsuga canadensis",1,362.6,4.59075308,31.62
"UFRL-01-0081","00-00-1978",1000,"TSUGCAN","Tsuga canadensis",1,368.7,4.95879889,127.3
"UFRL-01-0083","00-00-1978",1000,"TSUGCAN","Tsuga canadensis",5,564.8,5.63021421,138.9
"UFRL-01-0084","00-00-1978",1000,"TSUGCAN","Tsuga canadensis",7,605.9,3.48094106,130.4
"UFRL-01-0085","00-00-1978",1000,"TSUGCAN","Tsuga canadensis",5,603.3,3.52819395,247.6
"UFRL-01-0086","00-00-1978",1000,"TSUGCAN","Tsuga canadensis",7,574.5,4.40125084,205.2
"UFRL-01-0087","00-00-1978",1000,"TSUGCAN","Tsuga canadensis",4,594.8,5.8831768,278.9
"UFRL-01-0088","00-00-1978",1000,"TSUGCAN","Tsuga canadensis",1,592.6,4.91427422,100
"UFRL-01-0089","00-00-1978",1000,"TSUGCAN","Tsuga canadensis",4,573.9,3.8970089,200
"UFRL-01-0090","00-00-1978",1000,"TSUGCAN","Tsuga canadensis",3,562.8,5.2535038,620.1
"UFRL-01-0090","00-00-1978",1000,"TSUGCAN","Tsuga canadensis",3,578.9,8.87221527,560.4
"UFRL-01-0090","05-03-2001",1000,"TSUGCAN","Tsuga canadensis",1,562.8,5.2535038,620.1
"UFRL-01-0090","05-03-2001",1000,"TSUGCAN","Tsuga canadensis",1,578.9,8.87221527,560.4
"UFRL-01-0091","07-02-2001",1000,"TSUGCAN","Tsuga canadensis",2,561.5,3.56035495,667.1
"UFRL-01-0091","07-02-2001",1000,"TSUGCAN","Tsuga canadensis",2,562,4.10381317,664.8
"UFRL-01-0093","00-00-1978",1000,"TSUGCAN","Tsuga canadensis",3,601.9,4.73188114,332.4
"UFRL-01-0093","00-00-1978",1000,"TSUGCAN","Tsuga canadensis",3,602.6,3.24253392,325.6
"UFRL-01-0093","07-19-2000",1000,"TSUGCAN","Tsuga canadensis",3,601.9,4.73188114,332.4
"UFRL-01-0093","07-19-2000",1000,"TSUGCAN","Tsuga canadensis",3,602.6,3.24253392,325.6
"UFRL-01-0101","00-00-1978",1000,"TSUGCAN","Tsuga canadensis",3,340.8,8.63799095,72.11
"UFRL-01-0102","00-00-1978",1000,"TSUGCAN","Tsuga canadensis",5,381,9.631917,120.4
"UFRL-01-0103","00-00-1978",1000,"TSUGCAN","Tsuga canadensis",3,362.4,6.63645792,85.44
"UFRL-01-0104","00-00-1978",1000,"TSUGCAN","Tsuga canadensis",3,352.1,4.38337517,128.1
"UFRL-01-0155","00-00-1979",1000,"TSUGCAN","Tsuga canadensis",3,578.2,8.48253059,457.9
"UFRL-01-0156","00-00-1979",1000,"TSUGCAN","Tsuga canadensis",3,566.9,4.40872002,456.2
"UFRL-01-0156","00-00-1979",1000,"TSUGCAN","Tsuga canadensis",3,566.9,4.40872002,456.2
"UFRL-01-0156","00-00-2001",1000,"TSUGCAN","Tsuga canadensis",5,566.9,4.40872002,456.2
"UFRL-01-0156","00-00-2001",1000,"TSUGCAN","Tsuga canadensis",5,566.9,4.40872002,456.2
"UFRL-01-0160","00-00-1979",1000,"TSUGCAN","Tsuga canadensis",9,376.4,12.55,20
"UFRL-01-0161","00-00-1979",1000,"TSUGCAN","Tsuga canadensis",3,407.6,5.54437208,170.3
"UFRL-01-0163","00-00-1979",1000,"TSUGCAN","Tsuga canadensis",1,389.1,8.76318359,30
"UFRL-01-0164","00-00-1979",1000,"TSUGCAN","Tsuga canadensis",5,444.3,7.50882721,0
"UFRL-01-0166","00-00-1979",1000,"TSUGCAN","Tsuga canadensis",8,414,8.91287422,72.11
"UFRL-01-0168","00-00-1979",1000,"TSUGCAN","Tsuga canadensis",3,294,4.97123289,553.6
"UFRL-02-0002","05-30-2002",1000,"TSUGCAN","Tsuga canadensis",1,544.1,5.79644585,502.2
"UFRL-02-0002","05-30-2002",1000,"TSUGCAN","Tsuga canadensis",1,539.9,4.75019789,471
"UFRL-02-0003","00-00-1977",1000,"TSUGCAN","Tsuga canadensis",7,541.4,7.01022387,466.5
"UFRL-02-0003","00-00-1977",1000,"TSUGCAN","Tsuga canadensis",7,541.1,7.91147089,446.5
"UFRL-02-0003","06-03-2002",1000,"TSUGCAN","Tsuga canadensis",8,541.4,7.01022387,466.5
"UFRL-02-0003","06-03-2002",1000,"TSUGCAN","Tsuga canadensis",8,541.1,7.91147089,446.5
"UFRL-02-0004","00-00-1977",1000,"TSUGCAN","Tsuga canadensis",5,544.1,6.66943598,398.2
"UFRL-02-0004","00-00-1977",1000,"TSUGCAN","Tsuga canadensis",5,543.3,6.1997962,492.4
"UFRL-02-0004","06-04-2002",1000,"TSUGCAN","Tsuga canadensis",7,544.1,6.66943598,398.2
"UFRL-02-0004","06-04-2002",1000,"TSUGCAN","Tsuga canadensis",7,543.3,6.1997962,492.4
"UFRL-02-0005","00-00-1977",1000,"TSUGCAN","Tsuga canadensis",3,550.7,5.81284523,141.4
"UFRL-02-0005","00-00-1977",1000,"TSUGCAN","Tsuga canadensis",3,551.4,5.55141211,138.9
"UFRL-02-0005","06-17-2002",1000,"TSUGCAN","Tsuga canadensis",7,550.7,5.81284523,141.4
"UFRL-02-0005","06-17-2002",1000,"TSUGCAN","Tsuga canadensis",7,551.4,5.55141211,138.9
"UFRL-02-0008","00-00-1977",1000,"TSUGCAN","Tsuga canadensis",3,547.5,8.6886034,310.2
"UFRL-02-0009","00-00-1977",1000,"TSUGCAN","Tsuga canadensis",4,544.6,7.94175386,165.5
"UFRL-02-0009","00-00-1977",1000,"TSUGCAN","Tsuga canadensis",4,546.4,6.42680311,238.5
"UFRL-02-0009","07-10-2002",1000,"TSUGCAN","Tsuga canadensis",7,544.6,7.94175386,165.5
"UFRL-02-0009","07-10-2002",1000,"TSUGCAN","Tsuga canadensis",7,546.4,6.42680311,238.5
"UFRL-02-0011","00-00-1977",1000,"TSUGCAN","Tsuga canadensis",3,560.7,9.52658463,14.14
"UFRL-02-0011","00-00-1977",1000,"TSUGCAN","Tsuga canadensis",3,560.8,13.69,22.36
"UFRL-02-0011","00-00-2001",1000,"TSUGCAN","Tsuga canadensis",6,560.7,9.52658463,14.14
"UFRL-02-0011","00-00-2001",1000,"TSUGCAN","Tsuga canadensis",6,560.8,13.69,22.36
"UFRL-02-0014","07-10-2002",1000,"TSUGCAN","Tsuga canadensis",4,574.9,6.78551006,10
"UFRL-02-0014","07-10-2002",1000,"TSUGCAN","Tsuga canadensis",4,575.5,7.93383789,10
"UFRL-02-0015","00-00-1977",1000,"TSUGCAN","Tsuga canadensis",3,572.8,7.62810993,22.36
"UFRL-02-0015","00-00-1977",1000,"TSUGCAN","Tsuga canadensis",3,572.7,7.86442184,10
"UFRL-02-0015","07-10-2002",1000,"TSUGCAN","Tsuga canadensis",7,572.8,7.62810993,22.36
"UFRL-02-0015","07-10-2002",1000,"TSUGCAN","Tsuga canadensis",7,572.7,7.86442184,10
"UFRL-02-0016","00-00-1977",1000,"TSUGCAN","Tsuga canadensis",3,734.6,7.93976402,162.8
"UFRL-02-0016","00-00-1977",1000,"TSUGCAN","Tsuga canadensis",3,642,11.77,30
"UFRL-02-0016","05-25-2000",1000,"TSUGCAN","Tsuga canadensis",3,734.6,7.93976402,162.8
"UFRL-02-0016","05-25-2000",1000,"TSUGCAN","Tsuga canadensis",3,642,11.77,30
"UFRL-02-0017","00-00-1977",1000,"TSUGCAN","Tsuga canadensis",3,575.9,8.24578762,100
"UFRL-02-0018","00-00-1977",1000,"TSUGCAN","Tsuga canadensis",3,686.2,4.92977715,161.2
"UFRL-02-0018","00-00-1977",1000,"TSUGCAN","Tsuga canadensis",3,568.4,5.62893295,152.6
"UFRL-02-0018","07-18-2002",1000,"TSUGCAN","Tsuga canadensis",6,686.2,4.92977715,161.2
"UFRL-02-0018","07-18-2002",1000,"TSUGCAN","Tsuga canadensis",6,568.4,5.62893295,152.6
"UFRL-02-0019","00-00-1977",1000,"TSUGCAN","Tsuga canadensis",6,655.2,10.57,120
"UFRL-02-0019","00-00-1977",1000,"TSUGCAN","Tsuga canadensis",6,656.8,5.12628078,170.3
"UFRL-02-0019","05-23-2000",1000,"TSUGCAN","Tsuga canadensis",7,655.2,10.57,120
"UFRL-02-0019","05-23-2000",1000,"TSUGCAN","Tsuga canadensis",7,656.8,5.12628078,170.3
"UFRL-02-0030","00-00-1977",1000,"TSUGCAN","Tsuga canadensis",3,541.9,7.33280897,0
"UFRL-02-0030","00-00-1977",1000,"TSUGCAN","Tsuga canadensis",3,582,7.00764608,287.9
"UFRL-02-0030","08-01-2000",1000,"TSUGCAN","Tsuga canadensis",2,541.9,7.33280897,0
"UFRL-02-0030","08-01-2000",1000,"TSUGCAN","Tsuga canadensis",2,582,7.00764608,287.9
"UFRL-02-0031","00-00-1977",1000,"TSUGCAN","Tsuga canadensis",6,612.6,25,14.14
"UFRL-02-0032","00-00-1977",1000,"TSUGCAN","Tsuga canadensis",3,639.4,5.7957592,84.85
"UFRL-02-0033","00-00-1977",1000,"TSUGCAN","Tsuga canadensis",3,587.1,6.15322685,89.44
"UFRL-02-0034","00-00-1977",1000,"TSUGCAN","Tsuga canadensis",5,585.7,5.99898481,145.6
"UFRL-02-0034","00-00-1977",1000,"TSUGCAN","Tsuga canadensis",5,575.3,6.8580761,36.06
"UFRL-02-0034","07-16-2002",1000,"TSUGCAN","Tsuga canadensis",7,585.7,5.99898481,145.6
"UFRL-02-0034","07-16-2002",1000,"TSUGCAN","Tsuga canadensis",7,575.3,6.8580761,36.06
"UFRL-02-0035","00-00-1977",1000,"TSUGCAN","Tsuga canadensis",3,561.2,7.04439116,67.08
"UFRL-02-0035","00-00-1977",1000,"TSUGCAN","Tsuga canadensis",3,561.2,7.04439116,67.08
"UFRL-02-0035","07-17-2002",1000,"TSUGCAN","Tsuga canadensis",6,561.2,7.04439116,67.08
"UFRL-02-0035","07-17-2002",1000,"TSUGCAN","Tsuga canadensis",6,561.2,7.04439116,67.08
"UFRL-02-0036","00-00-1979",1000,"TSUGCAN","Tsuga canadensis",4,533,7.59922695,281.6
"UFRL-02-0037","00-00-1979",1000,"TSUGCAN","Tsuga canadensis",3,564.6,5.26179314,150
"UFRL-02-0037","00-00-1979",1000,"TSUGCAN","Tsuga canadensis",3,564.4,5.37112284,172
"UFRL-02-0037","07-15-2002",1000,"TSUGCAN","Tsuga canadensis",4,564.6,5.26179314,150
"UFRL-02-0037","07-15-2002",1000,"TSUGCAN","Tsuga canadensis",4,564.4,5.37112284,172
"UFRL-02-0038","00-00-1979",1000,"TSUGCAN","Tsuga canadensis",3,564.9,5.35143995,63.25
"UFRL-02-0038","00-00-1979",1000,"TSUGCAN","Tsuga canadensis",3,564.9,5.35143995,63.25
"UFRL-02-0038","07-15-2002",1000,"TSUGCAN","Tsuga canadensis",3,564.9,5.35143995,63.25
"UFRL-02-0038","07-15-2002",1000,"TSUGCAN","Tsuga canadensis",3,564.9,5.35143995,63.25
"UFRL-02-0039","00-00-1979",1000,"TSUGCAN","Tsuga canadensis",3,729.3,11.95,10
"UFRL-02-0040","00-00-1977",1000,"TSUGCAN","Tsuga canadensis",4,1206,8.59319401,92.2
"UFRL-02-0040","00-00-1977",1000,"TSUGCAN","Tsuga canadensis",4,1222,8.68496513,120.4
"UFRL-02-0040","07-31-2001",1000,"TSUGCAN","Tsuga canadensis",5,1206,8.59319401,92.2
"UFRL-02-0040","07-31-2001",1000,"TSUGCAN","Tsuga canadensis",5,1222,8.68496513,120.4
"UFRL-02-0041","00-00-1977",1000,"TSUGCAN","Tsuga canadensis",8,1198,5.05267286,320
"UFRL-02-0041","00-00-1977",1000,"TSUGCAN","Tsuga canadensis",8,1227,5.43648815,131.5
"UFRL-02-0041","05-31-2001",1000,"TSUGCAN","Tsuga canadensis",6,1198,5.05267286,320
"UFRL-02-0041","05-31-2001",1000,"TSUGCAN","Tsuga canadensis",6,1227,5.43648815,131.5
"UFRL-02-0044","00-00-1977",1000,"TSUGCAN","Tsuga canadensis",3,1069,4.48374319,460
"UFRL-02-0044","00-00-1977",1000,"TSUGCAN","Tsuga canadensis",3,1100,4.20749187,510.1
"UFRL-02-0044","06-14-2000",1000,"TSUGCAN","Tsuga canadensis",5,1069,4.48374319,460
"UFRL-02-0044","06-14-2000",1000,"TSUGCAN","Tsuga canadensis",5,1100,4.20749187,510.1
"UFRL-02-0045","00-00-1977",1000,"TSUGCAN","Tsuga canadensis",3,1016,5.26976299,371.1
"UFRL-02-0046","00-00-1977",1000,"TSUGCAN","Tsuga canadensis",7,835,12.85,20
"UFRL-02-0046","00-00-1977",1000,"TSUGCAN","Tsuga canadensis",7,849.2,5.58167601,50
"UFRL-02-0046","05-31-2000",1000,"TSUGCAN","Tsuga canadensis",8,835,12.85,20
"UFRL-02-0046","05-31-2000",1000,"TSUGCAN","Tsuga canadensis",8,849.2,5.58167601,50
"UFRL-02-0047","00-00-1977",1000,"TSUGCAN","Tsuga canadensis",7,1206,5.73453093,270
"UFRL-02-0048","00-00-1977",1000,"TSUGCAN","Tsuga canadensis",4,1160,5.17023802,406.1
"UFRL-02-0048","00-00-1977",1000,"TSUGCAN","Tsuga canadensis",4,1164,5.09605789,384.7
"UFRL-02-0048","07-13-2000",1000,"TSUGCAN","Tsuga canadensis",3,1160,5.17023802,406.1
"UFRL-02-0048","07-13-2000",1000,"TSUGCAN","Tsuga canadensis",3,1164,5.09605789,384.7
"UFRL-02-0049","00-00-1977",1000,"TSUGCAN","Tsuga canadensis",3,1045,4.4259181,468.6
"UFRL-02-0050","00-00-1977",1000,"TSUGCAN","Tsuga canadensis",6,847,13.13,14.14
"UFRL-02-0051","00-00-1977",1000,"TSUGCAN","Tsuga canadensis",7,1051,13.25,36.06
"UFRL-02-0052","00-00-1977",1000,"TSUGCAN","Tsuga canadensis",3,1023,8.08509541,322
"UFRL-02-0053","00-00-1977",1000,"TSUGCAN","Tsuga canadensis",4,871,4.15861702,111.8
"UFRL-02-0054","00-00-1977",1000,"TSUGCAN","Tsuga canadensis",3,1342,4.98367977,368.8
"UFRL-02-0055","00-00-1977",1000,"TSUGCAN","Tsuga canadensis",9,1192,5.13333893,148.7
"UFRL-02-0056","00-00-1977",1000,"TSUGCAN","Tsuga canadensis",2,1020,7.13305187,668.5
"UFRL-02-0057","00-00-1977",1000,"TSUGCAN","Tsuga canadensis",3,1054,4.84549713,341.3
"UFRL-02-0058","00-00-1977",1000,"TSUGCAN","Tsuga canadensis",3,890.1,5.04505777,323.1
"UFRL-02-0059","00-00-1977",1000,"TSUGCAN","Tsuga canadensis",5,873.4,4.89006901,360.1
"UFRL-02-0059","00-00-1977",1000,"TSUGCAN","Tsuga canadensis",5,844,11.09,290
"UFRL-02-0059","06-27-2000",1000,"TSUGCAN","Tsuga canadensis",5,873.4,4.89006901,360.1
"UFRL-02-0059","06-27-2000",1000,"TSUGCAN","Tsuga canadensis",5,844,11.09,290
"UFRL-02-0060","07-16-2002",1000,"TSUGCAN","Tsuga canadensis",2,557.9,7.67933702,31.62
"UFRL-02-0060","07-16-2002",1000,"TSUGCAN","Tsuga canadensis",2,557.6,9.06960964,53.85
"UFRL-02-0061","00-00-1978",1000,"TSUGCAN","Tsuga canadensis",3,564.4,5.86814404,127.3
"UFRL-02-0061","00-00-1978",1000,"TSUGCAN","Tsuga canadensis",3,567.8,5.55615997,98.49
"UFRL-02-0061","07-10-2002",1000,"TSUGCAN","Tsuga canadensis",6,564.4,5.86814404,127.3
"UFRL-02-0061","07-10-2002",1000,"TSUGCAN","Tsuga canadensis",6,567.8,5.55615997,98.49
"UFRL-02-0100","00-00-1978",1000,"TSUGCAN","Tsuga canadensis",9,800.8,5.00502396,182.5
"UFRL-02-0101","00-00-1978",1000,"TSUGCAN","Tsuga canadensis",9,765.8,14.86,28.28
"UFRL-02-0102","00-00-1978",1000,"TSUGCAN","Tsuga canadensis",7,801.9,6.44111204,30
"UFRL-02-0103","00-00-1978",1000,"TSUGCAN","Tsuga canadensis",1,919.4,5.90393496,522
"UFRL-02-0105","00-00-1978",1000,"TSUGCAN","Tsuga canadensis",9,826.9,9.59527683,182.5
"UFRL-02-0106","00-00-1978",1000,"TSUGCAN","Tsuga canadensis",3,878.1,4.22118807,269.3
"UFRL-02-0107","00-00-1978",1000,"TSUGCAN","Tsuga canadensis",7,856.9,5.56587315,274.6
"UFRL-02-0109","00-00-1978",1000,"TSUGCAN","Tsuga canadensis",3,760.3,4.44317198,214.7
"UFRL-02-0110","00-00-1978",1000,"TSUGCAN","Tsuga canadensis",3,825.1,4.45061207,282.3
"UFRL-02-0111","00-00-1978",1000,"TSUGCAN","Tsuga canadensis",4,752.1,5.68210793,138.9
"UFRL-02-0113","00-00-1978",1000,"TSUGCAN","Tsuga canadensis",7,695.6,6.24271822,50
"UFRL-02-0114","00-00-1978",1000,"TSUGCAN","Tsuga canadensis",4,724,4.81555891,72.11
"UFRL-02-0115","00-00-1978",1000,"TSUGCAN","Tsuga canadensis",9,691.6,6.29905796,31.62
"UFRL-02-0116","00-00-1978",1000,"TSUGCAN","Tsuga canadensis",6,923.3,8.2226429,36.06
"UFRL-02-0117","00-00-1978",1000,"TSUGCAN","Tsuga canadensis",7,989.1,5.10037804,41.23
"UFRL-02-0117","00-00-1978",1000,"TSUGCAN","Tsuga canadensis",7,977.2,5.02160406,50
"UFRL-02-0117","06-02-2000",1000,"TSUGCAN","Tsuga canadensis",7,989.1,5.10037804,41.23
"UFRL-02-0117","06-02-2000",1000,"TSUGCAN","Tsuga canadensis",7,977.2,5.02160406,50
"UFRL-02-0118","00-00-1978",1000,"TSUGCAN","Tsuga canadensis",4,981,4.91572905,310
"UFRL-02-0119","00-00-1978",1000,"TSUGCAN","Tsuga canadensis",1,1047,4.76592207,344.8
"UFRL-02-0119","00-00-1978",1000,"TSUGCAN","Tsuga canadensis",1,1027,4.88235378,275.9
"UFRL-02-0119","06-29-2000",1000,"TSUGCAN","Tsuga canadensis",2,1047,4.76592207,344.8
"UFRL-02-0119","06-29-2000",1000,"TSUGCAN","Tsuga canadensis",2,1027,4.88235378,275.9
"UFRL-02-0120","00-00-1978",1000,"TSUGCAN","Tsuga canadensis",4,867.9,5.78856421,131.5
"UFRL-02-0121","00-00-1978",1000,"TSUGCAN","Tsuga canadensis",2,973.9,3.94396496,319.1
"UFRL-02-0122","00-00-1978",1000,"TSUGCAN","Tsuga canadensis",1,915.3,4.63796282,171.2
"UFRL-02-0126","00-00-1978",1000,"TSUGCAN","Tsuga canadensis",3,1157,5.75363302,444.1
"UFRL-02-0127","00-00-1978",1000,"TSUGCAN","Tsuga canadensis",1,1165,5.27576399,331.1
"UFRL-02-0129","00-00-1978",1000,"TSUGCAN","Tsuga canadensis",3,1028,4.96405697,348.3
"UFRL-02-0137","08-09-2001",1000,"TSUGCAN","Tsuga canadensis",2,1279,5.06663322,414.4
"UFRL-02-0137","08-09-2001",1000,"TSUGCAN","Tsuga canadensis",2,1262,4.59644699,382.1
"UFRL-02-0138","00-00-1978",1000,"TSUGCAN","Tsuga canadensis",8,1159,5.15753603,10
"UFRL-02-0138","00-00-1978",1000,"TSUGCAN","Tsuga canadensis",8,1146,7.36486483,0
"UFRL-02-0138","08-08-2001",1000,"TSUGCAN","Tsuga canadensis",6,1159,5.15753603,10
"UFRL-02-0138","08-08-2001",1000,"TSUGCAN","Tsuga canadensis",6,1146,7.36486483,0
"UFRL-02-0142","00-00-1978",1000,"TSUGCAN","Tsuga canadensis",2,1333,5.41245985,376.4
"UFRL-02-0144","00-00-1978",1000,"TSUGCAN","Tsuga canadensis",3,1344,3.04050398,398.2
"UFRL-02-0144","00-00-1978",1000,"TSUGCAN","Tsuga canadensis",3,1340,3.746557,340.6
"UFRL-02-0144","07-25-2000",1000,"TSUGCAN","Tsuga canadensis",5,1344,3.04050398,398.2
"UFRL-02-0144","07-25-2000",1000,"TSUGCAN","Tsuga canadensis",5,1340,3.746557,340.6
"UFRL-02-0149","00-00-1978",1000,"TSUGCAN","Tsuga canadensis",2,1484,4.34440899,431.4
"UFRL-02-0152","00-00-1978",1000,"TSUGCAN","Tsuga canadensis",4,795.7,4.36413383,161.2
"UFRL-02-0152","00-00-1978",1000,"TSUGCAN","Tsuga canadensis",4,838.2,4.83716297,292.1
"UFRL-02-0152","00-00-2001",1000,"TSUGCAN","Tsuga canadensis",6,795.7,4.36413383,161.2
"UFRL-02-0152","00-00-2001",1000,"TSUGCAN","Tsuga canadensis",6,838.2,4.83716297,292.1
"UFRL-02-0153","00-00-1978",1000,"TSUGCAN","Tsuga canadensis",4,837.6,4.87984896,196.5
"UFRL-02-0154","00-00-1978",1000,"TSUGCAN","Tsuga canadensis",4,980.8,5.23787689,103
"UFRL-02-0156","00-00-1978",1000,"TSUGCAN","Tsuga canadensis",1,1085,4.38513994,250.8
"UFRL-02-0158","00-00-1978",1000,"TSUGCAN","Tsuga canadensis",2,895.5,4.55552483,266.8
"UFRL-02-0159","00-00-1978",1000,"TSUGCAN","Tsuga canadensis",3,1032,4.56351089,230.9
"UFRL-02-0159","00-00-1978",1000,"TSUGCAN","Tsuga canadensis",3,1037,4.42560577,192.1
"UFRL-02-0159","06-07-2000",1000,"TSUGCAN","Tsuga canadensis",5,1032,4.56351089,230.9
"UFRL-02-0159","06-07-2000",1000,"TSUGCAN","Tsuga canadensis",5,1037,4.42560577,192.1
"UFRL-02-0160","00-00-1978",1000,"TSUGCAN","Tsuga canadensis",4,1045,4.07218313,165.5
"UFRL-02-0160","00-00-1978",1000,"TSUGCAN","Tsuga canadensis",4,1043,4.91897202,188.7
"UFRL-02-0160","06-07-2000",1000,"TSUGCAN","Tsuga canadensis",2,1045,4.07218313,165.5
"UFRL-02-0160","06-07-2000",1000,"TSUGCAN","Tsuga canadensis",2,1043,4.91897202,188.7
"UFRL-02-0161","00-00-1978",1000,"TSUGCAN","Tsuga canadensis",8,661,4.78554678,14.14
"UFRL-02-0162","00-00-1978",1000,"TSUGCAN","Tsuga canadensis",3,1208,4.45285082,323.1
"UFRL-02-0163","00-00-1978",1000,"TSUGCAN","Tsuga canadensis",2,1194,5.44546223,262.5
"UFRL-02-0164","00-00-1978",1000,"TSUGCAN","Tsuga canadensis",4,1270,4.32390404,378.5
"UFRL-02-0164","00-00-1978",1000,"TSUGCAN","Tsuga canadensis",4,1272,4.72379398,400.2
"UFRL-02-0164","07-31-2002",1000,"TSUGCAN","Tsuga canadensis",4,1270,4.32390404,378.5
"UFRL-02-0164","07-31-2002",1000,"TSUGCAN","Tsuga canadensis",4,1272,4.72379398,400.2
"UFRL-02-0165","00-00-1978",1000,"TSUGCAN","Tsuga canadensis",3,1145,5.5572629,70.71
"UFRL-02-0165","00-00-1978",1000,"TSUGCAN","Tsuga canadensis",3,1146,5.95054483,60
"UFRL-02-0166","00-00-1978",1000,"TSUGCAN","Tsuga canadensis",4,1026,4.5679822,222
"UFRL-02-0167","00-00-1978",1000,"TSUGCAN","Tsuga canadensis",3,1094,4.97013807,339.4
"UFRL-02-0176","00-00-1978",1000,"TSUGCAN","Tsuga canadensis",3,787.8,6.21430588,50
"UFRL-02-0177","00-00-1978",1000,"TSUGCAN","Tsuga canadensis",4,634.4,5.45497513,41.23
"UFRL-02-0177","00-00-1978",1000,"TSUGCAN","Tsuga canadensis",4,635.9,4.72930098,63.25
"UFRL-02-0177","05-30-2000",1000,"TSUGCAN","Tsuga canadensis",6,634.4,5.45497513,41.23
"UFRL-02-0177","05-30-2000",1000,"TSUGCAN","Tsuga canadensis",6,635.9,4.72930098,63.25
"UFRL-02-0178","00-00-1978",1000,"TSUGCAN","Tsuga canadensis",3,548.5,8.74050331,28.28
"UFRL-02-0178","00-00-1978",1000,"TSUGCAN","Tsuga canadensis",3,550.8,6.14028502,50.99
"UFRL-02-0999","00-00-1977",1000,"TSUGCAN","Tsuga canadensis",4,739.9,12.91,20
"UFRL-03-0001","00-00-1978",1000,"TSUGCAN","Tsuga canadensis",2,1039,9.18652821,298.3
"UFRL-03-0001","00-00-1978",1000,"TSUGCAN","Tsuga canadensis",2,1235,3.47877789,538.5
"UFRL-03-0001","08-09-2000",1000,"TSUGCAN","Tsuga canadensis",2,1039,9.18652821,298.3
"UFRL-03-0001","08-09-2000",1000,"TSUGCAN","Tsuga canadensis",2,1235,3.47877789,538.5
"UFRL-03-0002","00-00-1978",1000,"TSUGCAN","Tsuga canadensis",6,869.1,6.01650381,400.5
"UFRL-03-0003","00-00-1978",1000,"TSUGCAN","Tsuga canadensis",1,747.2,3.0670929,134.5
"UFRL-03-0004","00-00-1978",1000,"TSUGCAN","Tsuga canadensis",3,875.6,6.09805298,70
"UFRL-03-0005","00-00-1978",1000,"TSUGCAN","Tsuga canadensis",6,727.5,13.56,41.23
"UFRL-03-0006","00-00-1978",1000,"TSUGCAN","Tsuga canadensis",5,1341,6.82645702,230.9
"UFRL-03-0007","00-00-1978",1000,"TSUGCAN","Tsuga canadensis",9,1335,3.81137395,158.1
"UFRL-03-0008","00-00-1978",1000,"TSUGCAN","Tsuga canadensis",4,1403,3.42729807,254.6
"UFRL-03-0009","00-00-1978",1000,"TSUGCAN","Tsuga canadensis",7,1344,3.40493608,250.6
"UFRL-03-0010","00-00-1978",1000,"TSUGCAN","Tsuga canadensis",3,1016,10.74,14.14
"UFRL-03-0013","00-00-1978",1000,"TSUGCAN","Tsuga canadensis",3,1509,4.5936408,254.6
"UFRL-03-0013","00-00-1978",1000,"TSUGCAN","Tsuga canadensis",3,1500,4.94753885,260.2
"UFRL-03-0013","09-11-2001",1000,"TSUGCAN","Tsuga canadensis",3,1509,4.5936408,254.6
"UFRL-03-0013","09-11-2001",1000,"TSUGCAN","Tsuga canadensis",3,1500,4.94753885,260.2
"UFRL-03-0014","00-00-1978",1000,"TSUGCAN","Tsuga canadensis",3,1228,4.54504824,523.5
"UFRL-03-0015","00-00-1978",1000,"TSUGCAN","Tsuga canadensis",7,1339,5.49803591,64.03
"UFRL-03-0015","00-00-1978",1000,"TSUGCAN","Tsuga canadensis",7,1379,4.77965307,141.4
"UFRL-03-0015","09-11-2001",1000,"TSUGCAN","Tsuga canadensis",6,1339,5.49803591,64.03
"UFRL-03-0015","09-11-2001",1000,"TSUGCAN","Tsuga canadensis",6,1379,4.77965307,141.4
"UFRL-03-0016","00-00-1978",1000,"TSUGCAN","Tsuga canadensis",3,1332,7.36016607,36.06
"UFRL-03-0016","00-00-1978",1000,"TSUGCAN","Tsuga canadensis",3,1345,7.96439886,50
"UFRL-03-0016","09-10-2001",1000,"TSUGCAN","Tsuga canadensis",2,1332,7.36016607,36.06
"UFRL-03-0016","09-10-2001",1000,"TSUGCAN","Tsuga canadensis",2,1345,7.96439886,50
"UFRL-03-0017","00-00-1978",1000,"TSUGCAN","Tsuga canadensis",5,1061,4.80102015,380.8
"UFRL-03-0018","00-00-1978",1000,"TSUGCAN","Tsuga canadensis",5,1069,11,518.7
"UFRL-03-0019","00-00-1978",1000,"TSUGCAN","Tsuga canadensis",2,841.6,4.63745403,192.4
"UFRL-03-0020","00-00-1978",1000,"TSUGCAN","Tsuga canadensis",3,830.7,6.80383396,243.5
"UFRL-03-0021","00-00-1978",1000,"TSUGCAN","Tsuga canadensis",4,1218,6.12011099,328
"UFRL-03-0022","00-00-1978",1000,"TSUGCAN","Tsuga canadensis",5,1307,6.19980478,117
"UFRL-03-0022","00-00-1978",1000,"TSUGCAN","Tsuga canadensis",5,1364,4.2297101,200.2
"UFRL-03-0022","07-07-2000",1000,"TSUGCAN","Tsuga canadensis",4,1307,6.19980478,117
"UFRL-03-0022","07-07-2000",1000,"TSUGCAN","Tsuga canadensis",4,1364,4.2297101,200.2
"UFRL-03-0023","00-00-1978",1000,"TSUGCAN","Tsuga canadensis",7,1184,7.96979904,233.2
"UFRL-03-0023","00-00-1978",1000,"TSUGCAN","Tsuga canadensis",7,1233,6.84657001,246
"UFRL-03-0023","07-06-2000",1000,"TSUGCAN","Tsuga canadensis",7,1184,7.96979904,233.2
"UFRL-03-0023","07-06-2000",1000,"TSUGCAN","Tsuga canadensis",7,1233,6.84657001,246
"UFRL-03-0024","00-00-1978",1000,"TSUGCAN","Tsuga canadensis",8,1244,3.77997994,304.1
"UFRL-03-0025","00-00-1978",1000,"TSUGCAN","Tsuga canadensis",7,1210,4.27599001,340
"UFRL-03-0026","00-00-1978",1000,"TSUGCAN","Tsuga canadensis",7,1039,3.77942109,85.44
"UFRL-03-0027","00-00-1978",1000,"TSUGCAN","Tsuga canadensis",7,837.1,4.84279108,30
"UFRL-03-0028","00-00-1978",1000,"TSUGCAN","Tsuga canadensis",7,871.1,4.23926306,228.3
"UFRL-03-0029","00-00-1978",1000,"TSUGCAN","Tsuga canadensis",4,872.5,5.4088521,28.28
"UFRL-05-0001","00-00-1977",1000,"TSUGCAN","Tsuga canadensis",1,550.8,2.60996795,60.83
"UFRL-05-0002","00-00-1977",1000,"TSUGCAN","Tsuga canadensis",3,557.7,9.8948946,0
"UFRL-05-0002","00-00-1977",1000,"TSUGCAN","Tsuga canadensis",3,605.6,5.32107878,233.5
"UFRL-05-0132","08-29-2000",1000,"TSUGCAN","Tsuga canadensis",5,615.5,5.21226883,325.3
"UFRL-05-0132","08-29-2000",1000,"TSUGCAN","Tsuga canadensis",5,615.8,4.88271093,312.4
"UFRL-05-0144","00-00-1979",1000,"TSUGCAN","Tsuga canadensis",3,635.6,3.92656112,580.1
"UFRL-05-0145","00-00-1979",1000,"TSUGCAN","Tsuga canadensis",3,629.6,3.24016094,744.6
"UFRL-05-0146","00-00-1979",1000,"TSUGCAN","Tsuga canadensis",5,513.9,4.11865282,50
"UFRL-05-0147","00-00-1979",1000,"TSUGCAN","Tsuga canadensis",3,592.9,4.94061089,715.1
"UFRL-05-0148","00-00-1979",1000,"TSUGCAN","Tsuga canadensis",3,546.8,5.28576708,568.6
"UFRL-05-0149","00-00-1979",1000,"TSUGCAN","Tsuga canadensis",3,568.2,5.091959,491.9
"UFRL-05-0150","00-00-1979",1000,"TSUGCAN","Tsuga canadensis",3,500.6,5.073699,53.85
"UFRL-05-0151","00-00-1979",1000,"TSUGCAN","Tsuga canadensis",5,523.9,5.99377823,120.4
"UFRL-05-0152","00-00-1979",1000,"TSUGCAN","Tsuga canadensis",4,531.5,5.92860079,70
"UFRL-05-0157","00-00-1979",1000,"TSUGCAN","Tsuga canadensis",3,523.9,5.99377823,120.4
"UFRL-05-0158","00-00-1979",1000,"TSUGCAN","Tsuga canadensis",4,497.5,3.93254805,78.1
"UFRL-05-0159","00-00-1979",1000,"TSUGCAN","Tsuga canadensis",3,584.3,4.62709618,166.4
"UFRL-2A-0142","00-00-1979",1000,"TSUGCAN","Tsuga canadensis",2,535.6,11.23,0
"UFRL-2A-0143","00-00-1979",1000,"TSUGCAN","Tsuga canadensis",5,529.6,13.19,14.14
"ULRY-04-0001","07-21-1997",1000,"TSUGCAN","Tsuga canadensis",7,632.6,9.77134705,198.5
"ULRY-04-0002","07-21-1997",1000,"TSUGCAN","Tsuga canadensis",2,906.1,8.28208542,276.6
"ULRY-04-0003","07-23-1997",1000,"TSUGCAN","Tsuga canadensis",5,744.1,6.7866292,103
"ULRY-04-0004","07-23-1997",1000,"TSUGCAN","Tsuga canadensis",6,685.7,2.85963798,134.5
"ULRY-04-0005","07-24-1997",1000,"TSUGCAN","Tsuga canadensis",7,1210,5.69019604,50
"ULRY-04-0006","07-24-1997",1000,"TSUGCAN","Tsuga canadensis",6,1005,5.56774521,22.36
"ULRY-04-0007","07-25-1997",1000,"TSUGCAN","Tsuga canadensis",5,1241,5.5607748,128.1
"ULRY-04-0008","07-25-1997",400,"TSUGCAN","Tsuga canadensis",8,1248,5.16592216,120.4
"ULRY-04-0009","08-18-1997",1000,"TSUGCAN","Tsuga canadensis",4,791.5,4.28471518,241.9
"ULRY-04-0010","08-18-1997",1000,"TSUGCAN","Tsuga canadensis",8,995,6.56507301,274.6
"ULRY-04-0011","08-19-1997",1000,"TSUGCAN","Tsuga canadensis",8,1477,5.51860809,331.1
"ULRY-04-0012","08-19-1997",1000,"TSUGCAN","Tsuga canadensis",4,1427,5.54032612,426.4
"ULRY-04-0013","08-19-1997",400,"TSUGCAN","Tsuga canadensis",9,1142,6.27367687,104.4
"ULRY-04-0014","08-20-1997",800,"TSUGCAN","Tsuga canadensis",3,846.9,5.27617598,156.5
"ULRY-04-0015","08-20-1997",1000,"TSUGCAN","Tsuga canadensis",1,955.4,5.62884617,360.1
"ULRY-04-0016","08-20-1997",1000,"TSUGCAN","Tsuga canadensis",3,973.2,3.97703409,316.2
"ULRY-04-0018","09-15-1997",1000,"TSUGCAN","Tsuga canadensis",2,977.9,5.31354618,167.6
"ULRY-04-0019","09-15-1997",1000,"TSUGCAN","Tsuga canadensis",5,1108,6.91832304,76.16
"ULRY-04-0020","09-15-1997",1000,"TSUGCAN","Tsuga canadensis",7,481.2,8.16351509,22.36
"ULRY-04-0021","09-16-1997",1000,"TSUGCAN","Tsuga canadensis",4,676.6,6.42327881,212.6
"ULRY-04-0022","09-16-1997",1000,"TSUGCAN","Tsuga canadensis",1,847.5,4.77587986,367.2
"ULRY-04-0023","09-16-1997",1000,"TSUGCAN","Tsuga canadensis",4,580,4.02295113,360.7
"ULRY-04-0027","09-18-1997",1000,"TSUGCAN","Tsuga canadensis",6,883.1,8.18467617,269.3
"ULRY-04-0029","09-18-1997",1000,"TSUGCAN","Tsuga canadensis",2,1407,4.91603804,480.1
"ULRY-04-0030","09-18-1997",1000,"TSUGCAN","Tsuga canadensis",5,1109,7.33210707,100
"ULRY-04-0031","08-04-1997",1000,"TSUGCAN","Tsuga canadensis",5,632.6,9.77134705,198.5
"ULRY-04-0032","08-04-1997",1000,"TSUGCAN","Tsuga canadensis",3,677.9,4.70957518,224.7
"ULRY-04-0033","08-04-1997",400,"TSUGCAN","Tsuga canadensis",6,652.7,4.95081997,430
"ULRY-04-0034","08-05-1997",1000,"TSUGCAN","Tsuga canadensis",5,733.4,4.9390192,78.1
"ULRY-04-0035","08-05-1997",1000,"TSUGCAN","Tsuga canadensis",4,715.2,4.53027821,60
"ULRY-04-0036","08-05-1997",600,"TSUGCAN","Tsuga canadensis",3,611.5,4.12635803,162.8
"ULRY-04-0037","08-06-1997",1000,"TSUGCAN","Tsuga canadensis",3,557.9,5.89434814,297
"ULRY-04-0040","08-07-1997",1000,"TSUGCAN","Tsuga canadensis",6,614,5.35290003,424.4
"ULRY-04-0041","08-07-1997",1000,"TSUGCAN","Tsuga canadensis",5,670.5,6.5122571,460.1
"ULRY-04-0042","08-08-1997",1000,"TSUGCAN","Tsuga canadensis",3,793.2,5.18762207,162.8
"ULRY-04-0043","08-08-1997",1000,"TSUGCAN","Tsuga canadensis",9,668.3,7.41813707,31.62
"ULRY-04-0046","09-04-1997",1000,"TSUGCAN","Tsuga canadensis",2,1294,5.49039888,372.2
"ULRY-04-0048","09-04-1997",1000,"TSUGCAN","Tsuga canadensis",2,1305,4.82515621,341.8
"ULRY-04-0052","09-23-1997",1000,"TSUGCAN","Tsuga canadensis",5,1156,4.69150686,100.5
"ULRY-04-0053","09-23-1997",1000,"TSUGCAN","Tsuga canadensis",5,1081,6.55826378,215.9
"ULRY-04-0054","09-23-1997",1000,"TSUGCAN","Tsuga canadensis",3,1063,5.49046803,89.44
"ULRY-04-0055","09-23-1997",1000,"TSUGCAN","Tsuga canadensis",3,1238,5.2819891,328
"ULRY-04-0060","09-25-1997",400,"TSUGCAN","Tsuga canadensis",7,868.6,4.19547987,10
"ULRY-04-0064","06-10-1998",1000,"TSUGCAN","Tsuga canadensis",7,499,4.78524113,0
"ULRY-04-0065","06-10-1998",1000,"TSUGCAN","Tsuga canadensis",5,520.8,6.274508,223.6
"ULRY-04-0066","06-11-1998",100,"TSUGCAN","Tsuga canadensis",4,510.4,5.94035196,261.7
"ULRY-04-0069","06-12-1998",400,"TSUGCAN","Tsuga canadensis",7,426.1,8.29995441,10
"ULRY-04-0072","06-15-1998",400,"TSUGCAN","Tsuga canadensis",7,1399,5.68491888,140
"ULRY-04-0075","06-16-1998",1000,"TSUGCAN","Tsuga canadensis",3,1365,10.23,28.28
"ULRY-04-0079","06-18-1998",1000,"TSUGCAN","Tsuga canadensis",2,665.4,8.30241776,44.72
"ULRY-04-0080","06-18-1998",1000,"TSUGCAN","Tsuga canadensis",5,568.5,5.75921822,264
"ULRY-04-0082","06-18-1998",1000,"TSUGCAN","Tsuga canadensis",7,414.5,8.38364029,36.06
"ULRY-04-0083","06-29-1998",1000,"TSUGCAN","Tsuga canadensis",2,976.4,6.67004299,160
"ULRY-04-0084","06-29-1998",1000,"TSUGCAN","Tsuga canadensis",3,1128,5.87973595,333.8
"ULRY-04-0085","06-30-1998",1000,"TSUGCAN","Tsuga canadensis",6,477.9,3.82446599,265.7
"ULRY-04-0086","06-30-1998",1000,"TSUGCAN","Tsuga canadensis",2,574.9,2.89556694,268.3
"ULRY-04-0088","07-02-1998",1000,"TSUGCAN","Tsuga canadensis",2,551.3,7.76154518,362.4
"ULRY-04-0099","07-15-1998",400,"TSUGCAN","Tsuga canadensis",4,546.1,3.85346103,111.8
"ULRY-04-0100","07-15-1998",1000,"TSUGCAN","Tsuga canadensis",5,527.5,4.61679792,80
"ULRY-04-0102","07-16-1998",1000,"TSUGCAN","Tsuga canadensis",2,1134,4.89729977,323.9
"ULRY-04-0103","07-17-1998",400,"TSUGCAN","Tsuga canadensis",2,652.4,3.77350402,116.6
"ULRY-04-0104","07-20-1998",1000,"TSUGCAN","Tsuga canadensis",3,1301,5.46626997,10
"ULRY-04-0106","07-20-1998",1000,"TSUGCAN","Tsuga canadensis",3,1230,10.02,10
"ULRY-04-0107","07-21-1998",600,"TSUGCAN","Tsuga canadensis",6,1179,5.54097509,20
"ULRY-04-0108","07-21-1998",1000,"TSUGCAN","Tsuga canadensis",5,1206,7.18094301,230
"ULRY-04-0109","07-21-1998",1000,"TSUGCAN","Tsuga canadensis",6,801.8,7.74257517,222
"ULRY-04-0111","07-23-1998",1000,"TSUGCAN","Tsuga canadensis",2,782.6,4.27367401,155.6
"ULRY-04-0112","07-24-1998",400,"TSUGCAN","Tsuga canadensis",2,449.1,6.13030291,0
"ULRY-04-0116","07-29-1998",1000,"TSUGCAN","Tsuga canadensis",8,1043,4.03314877,72.11
"ULRY-04-0117","07-30-1998",400,"TSUGCAN","Tsuga canadensis",7,1276,4.49087477,180.3
"ULRY-04-0118","07-31-1998",1000,"TSUGCAN","Tsuga canadensis",6,493.4,5.95525885,407.2
"ULRY-04-0119","08-03-1998",1000,"TSUGCAN","Tsuga canadensis",7,727.3,8.68338013,76.16
"ULRY-04-0129","08-06-1998",500,"TSUGCAN","Tsuga canadensis",1,625.4,6.61356688,0
"ULRY-04-0130","08-11-1998",1000,"TSUGCAN","Tsuga canadensis",2,809.6,3.45346689,446.4
"ULRY-04-0136","08-12-1998",1000,"TSUGCAN","Tsuga canadensis",9,1320,5.83536005,630.7
"ULRY-04-0137","08-12-1998",1000,"TSUGCAN","Tsuga canadensis",2,1414,3.90263891,320.2
"ULRY-04-0140","08-13-1998",1000,"TSUGCAN","Tsuga canadensis",3,841.6,4.51717281,60
"ULRY-04-0148","08-20-1998",1000,"TSUGCAN","Tsuga canadensis",8,1259,5.86325979,698.4
"ULRY-04-0149","08-20-1998",1000,"TSUGCAN","Tsuga canadensis",6,1096,5.71895218,511.6
"ULRY-04-0152","08-21-1998",1000,"TSUGCAN","Tsuga canadensis",6,1467,6.62996101,268.7
"ULRY-04-0157","08-22-1998",1000,"TSUGCAN","Tsuga canadensis",3,1621,5.23728991,455.4
"ULRY-05-0200","06-07-1998",1000,"TSUGCAN","Tsuga canadensis",2,604,3.45305204,90
"ULRY-05-0201","06-07-1998",1000,"TSUGCAN","Tsuga canadensis",8,692.1,3.43232608,14.14
"ULRY-05-0202","07-07-1998",10,"TSUGCAN","Tsuga canadensis",8,519.4,5.89361095,30
"ULRY-05-0204","07-07-1998",1000,"TSUGCAN","Tsuga canadensis",6,599.6,3.46307993,111.8
"ULRY-05-0205","07-07-1998",1000,"TSUGCAN","Tsuga canadensis",9,515,4.93370914,30
"ULRY-05-0206","07-08-1998",1000,"TSUGCAN","Tsuga canadensis",2,792.3,6.17558098,20
"ULRY-05-0208","07-09-1998",1000,"TSUGCAN","Tsuga canadensis",5,614.1,4.04449987,236
"ULRY-05-0209","07-09-1998",1000,"TSUGCAN","Tsuga canadensis",8,560.2,4.41181278,50
"ULRY-05-0210","07-09-1998",1000,"TSUGCAN","Tsuga canadensis",7,542,4.44973183,70
"ULRY-05-0211","07-13-1998",1000,"TSUGCAN","Tsuga canadensis",5,795.6,5.82482719,104.4
"ULRY-05-0212","07-13-1998",1000,"TSUGCAN","Tsuga canadensis",4,1062,5.24064589,281.6
"ULRY-05-0216","07-14-1998",1000,"TSUGCAN","Tsuga canadensis",3,659.7,4.57649088,164.9
"ULRY-05-0217","07-01-1998",1000,"TSUGCAN","Tsuga canadensis",7,608.1,6.98964882,255.5
"ULRY-05-0218","07-14-1998",1000,"TSUGCAN","Tsuga canadensis",5,627,5.04519796,362.4
"ULRY-05-0219","07-15-1998",500,"TSUGCAN","Tsuga canadensis",6,576,6.017097,143.2
"ULRY-05-0221","07-15-1998",1000,"TSUGCAN","Tsuga canadensis",7,765.7,6.03690386,60
"ULRY-05-0227","07-16-1998",1000,"TSUGCAN","Tsuga canadensis",3,695.1,6.07357121,320.6
"ULRY-05-0234","07-21-1998",1000,"TSUGCAN","Tsuga canadensis",7,807.6,4.18507719,143.2
"ULRY-05-0235","07-21-1998",225,"TSUGCAN","Tsuga canadensis",4,822.5,5.285882,36.06
"ULRY-05-0237","07-22-1998",1000,"TSUGCAN","Tsuga canadensis",7,731.9,4.51683092,63.25
"ULRY-05-0238","07-23-1998",1000,"TSUGCAN","Tsuga canadensis",7,623.5,5.32098293,44.72
"ULRY-05-0239","07-27-1998",1000,"TSUGCAN","Tsuga canadensis",6,616,4.95518589,270.2
"ULRY-05-0245","07-30-1998",1000,"TSUGCAN","Tsuga canadensis",4,797.7,4.39382887,407.9
"ULRY-05-0250","08-04-1998",400,"TSUGCAN","Tsuga canadensis",2,1201,10.75,764.9
"ULRY-05-0253","05-08-1998",1000,"TSUGCAN","Tsuga canadensis",3,1062,5.17587519,80
"ULRY-05-0254","05-08-1998",400,"TSUGCAN","Tsuga canadensis",3,913.5,13.43,0
"ULRY-05-0255","08-05-1998",1000,"TSUGCAN","Tsuga canadensis",3,1012,4.34807777,80.62
"ULRY-05-0256","08-05-1998",1000,"TSUGCAN","Tsuga canadensis",2,1208,4.02961302,100.5
"ULRY-05-0259","08-05-1998",1000,"TSUGCAN","Tsuga canadensis",4,1055,3.79208398,10
"ULRY-05-0261","08-06-1998",1000,"TSUGCAN","Tsuga canadensis",6,1381,5.5416708,172
"ULRY-05-0264","08-07-1998",400,"TSUGCAN","Tsuga canadensis",3,1297,5.5746789,44.72
"ULRY-05-0266","08-07-1998",1000,"TSUGCAN","Tsuga canadensis",3,1184,10.43,22.36
"WHCA-01-0050","00-00-1982",1000,"TSUGCAN","Tsuga canadensis",6,592.6,5.35637188,31.62
"WHCA-01-0051","00-00-1982",1000,"TSUGCAN","Tsuga canadensis",7,567.5,5.59590483,56.57
"WHCA-01-0055","00-00-1982",1000,"TSUGCAN","Tsuga canadensis",6,669.3,9.71498203,378.5
"WHCA-01-0056","00-00-1982",1000,"TSUGCAN","Tsuga canadensis",4,688.1,4.52183485,326.5
"WHCA-01-0057","00-00-1982",1000,"TSUGCAN","Tsuga canadensis",5,611.7,10.24,197.2
"WHCA-01-0058","00-00-1982",1000,"TSUGCAN","Tsuga canadensis",4,690.8,4.80152607,230
"WHCA-01-0059","00-00-1982",1000,"TSUGCAN","Tsuga canadensis",7,650.8,3.88353205,386.4
"WHCA-01-0061","00-00-1982",1000,"TSUGCAN","Tsuga canadensis",5,673.2,5.40900183,520.1
"WHCA-01-0062","00-00-1982",1000,"TSUGCAN","Tsuga canadensis",4,680.2,4.7884531,460
"WHCA-01-0063","00-00-1982",1000,"TSUGCAN","Tsuga canadensis",3,676.8,3.841851,237.1
"WHCA-01-0065","00-00-1982",1000,"TSUGCAN","Tsuga canadensis",1,750.6,7.00905085,301.5
"WHCA-01-0066","00-00-1982",1000,"TSUGCAN","Tsuga canadensis",7,659.7,7.15281677,10
"WHCA-01-0070","00-00-1982",1000,"TSUGCAN","Tsuga canadensis",3,514.3,3.77509809,150
"WHCA-01-0071","00-00-1982",1000,"TSUGCAN","Tsuga canadensis",7,446.6,4.69749117,50
"WHCA-01-0072","00-00-1982",1000,"TSUGCAN","Tsuga canadensis",3,518.3,4.35624313,220
"WHCA-01-0074","00-00-1982",1000,"TSUGCAN","Tsuga canadensis",5,413.1,6.75950623,10
"WHCA-01-0075","00-00-1982",1000,"TSUGCAN","Tsuga canadensis",7,443.3,8.6936121,10
"WHCA-02-0040","00-00-1982",1000,"TSUGCAN","Tsuga canadensis",4,1206,8.59319401,92.2
"WHCA-02-0044","00-00-1982",1000,"TSUGCAN","Tsuga canadensis",1,1102,3.95086193,510
"WHCA-02-0045","00-00-1982",1000,"TSUGCAN","Tsuga canadensis",1,1015,5.6513648,377
"WHCA-02-0046","00-00-1982",1000,"TSUGCAN","Tsuga canadensis",7,835,12.85,20
"WHCA-02-0047","00-00-1982",1000,"TSUGCAN","Tsuga canadensis",7,1206,5.73453093,270
"WHCA-02-0048","00-00-1982",1000,"TSUGCAN","Tsuga canadensis",4,1160,5.17023802,406.1
"WHCA-02-0049","00-00-1982",1000,"TSUGCAN","Tsuga canadensis",1,1043,5.71662712,484.1
"WHCA-02-0050","00-00-1982",1000,"TSUGCAN","Tsuga canadensis",6,847,13.13,14.14
"WHCA-02-0052","00-00-1982",1000,"TSUGCAN","Tsuga canadensis",4,1051,6.98951197,367.7
"WHCA-02-0053","00-00-1982",1000,"TSUGCAN","Tsuga canadensis",4,871,4.15861702,111.8
"WHCA-02-0054","00-00-1982",1000,"TSUGCAN","Tsuga canadensis",2,1338,5.37122917,353.8
"WHCA-02-0055","00-00-1982",1000,"TSUGCAN","Tsuga canadensis",7,1176,5.66973686,250
"WHCA-02-0056","00-00-1982",1000,"TSUGCAN","Tsuga canadensis",2,1020,7.13305187,668.5
"WHCA-02-0057","00-00-1982",1000,"TSUGCAN","Tsuga canadensis",2,1067,5.37263489,377.4
"WHCA-02-0059","00-00-1982",1000,"TSUGCAN","Tsuga canadensis",5,873.4,4.89006901,360.1
"WHCA-02-0100","00-00-1982",1000,"TSUGCAN","Tsuga canadensis",7,791.4,5.20167923,158.1
"WHCA-02-0101","00-00-1982",1000,"TSUGCAN","Tsuga canadensis",7,768.7,5.03861618,41.23
"WHCA-02-0102","00-00-1982",1000,"TSUGCAN","Tsuga canadensis",7,802.1,6.39912319,30
"WHCA-02-0103","00-00-1982",1000,"TSUGCAN","Tsuga canadensis",1,919.4,5.90393496,522
"WHCA-02-0105","00-00-1982",1000,"TSUGCAN","Tsuga canadensis",8,828.9,4.77252579,180.3
"WHCA-02-0106","00-00-1982",1000,"TSUGCAN","Tsuga canadensis",4,885.6,5.9630332,247
"WHCA-02-0107","00-00-1982",1000,"TSUGCAN","Tsuga canadensis",7,856.9,5.56587315,274.6
"WHCA-02-0109","00-00-1982",1000,"TSUGCAN","Tsuga canadensis",4,760.3,4.44317198,214.7
"WHCA-02-0110","00-00-1982",1000,"TSUGCAN","Tsuga canadensis",3,824.4,4.93527794,268.3
"WHCA-02-0111","00-00-1982",1000,"TSUGCAN","Tsuga canadensis",4,752.1,5.68210793,138.9
"WHCA-02-0113","00-00-1982",1000,"TSUGCAN","Tsuga canadensis",7,695.6,6.24271822,50
"WHCA-02-0114","00-00-1982",1000,"TSUGCAN","Tsuga canadensis",5,732,5.14127302,114
"WHCA-02-0115","00-00-1982",1000,"TSUGCAN","Tsuga canadensis",7,716.2,5.72402906,85.44
"WHCA-02-0116","00-00-1982",1000,"TSUGCAN","Tsuga canadensis",8,921.1,10.64,36.06
"WHCA-02-0120","00-00-1982",1000,"TSUGCAN","Tsuga canadensis",4,867.9,5.78856421,131.5
"WHCA-02-0121","00-00-1982",1000,"TSUGCAN","Tsuga canadensis",2,973.9,3.94396496,319.1
"WHCA-02-0122","00-00-1982",1000,"TSUGCAN","Tsuga canadensis",1,915.3,4.63796282,171.2
"WHCA-02-0126","00-00-1982",1000,"TSUGCAN","Tsuga canadensis",3,1157,5.75363302,444.1
"WHCA-02-0129","00-00-1982",1000,"TSUGCAN","Tsuga canadensis",3,877.2,4.17201519,76.16
"WHCA-02-0144","00-00-1982",1000,"TSUGCAN","Tsuga canadensis",3,1340,3.746557,340.6
"WHCA-02-0149","00-00-1982",1000,"TSUGCAN","Tsuga canadensis",2,1482,4.48139,424.5
"WHCA-02-0161","00-00-1982",1000,"TSUGCAN","Tsuga canadensis",8,661,4.78554678,14.14
"WHCA-02-0162","00-00-1982",1000,"TSUGCAN","Tsuga canadensis",3,1208,4.45285082,323.1
"WHCA-02-0163","00-00-1982",1000,"TSUGCAN","Tsuga canadensis",2,1194,5.44546223,262.5
"WHCA-02-0164","00-00-1982",1000,"TSUGCAN","Tsuga canadensis",4,1268,4.28260088,376.6
"WHCA-03-0002","00-00-1982",1000,"TSUGCAN","Tsuga canadensis",5,869.1,6.01650381,400.5
"WHCA-03-0003","00-00-1982",1000,"TSUGCAN","Tsuga canadensis",1,746.2,3.34025192,141.4
"WHCA-03-0004","00-00-1982",1000,"TSUGCAN","Tsuga canadensis",3,875.6,6.09805298,70
"WHCA-03-0005","00-00-1982",1000,"TSUGCAN","Tsuga canadensis",6,727.5,13.56,41.23
"WHCA-03-0006","00-00-1982",1000,"TSUGCAN","Tsuga canadensis",4,1341,6.82645702,230.9
"WHCA-03-0007","00-00-1982",1000,"TSUGCAN","Tsuga canadensis",6,1327,4.67902899,148.7
"WHCA-03-0008","00-00-1982",1000,"TSUGCAN","Tsuga canadensis",5,1401,3.72033095,261.7
"WHCA-03-0009","00-00-1982",1000,"TSUGCAN","Tsuga canadensis",7,1344,3.40493608,250.6
"WHCA-03-0010","00-00-1982",1000,"TSUGCAN","Tsuga canadensis",3,1015,7.2793231,10
"WHCA-03-0013","00-00-1982",1000,"TSUGCAN","Tsuga canadensis",3,1509,4.5936408,254.6
"WHCA-03-0014","00-00-1982",1000,"TSUGCAN","Tsuga canadensis",4,1229,4.56738806,518.7
"WHCA-03-0015","00-00-1982",1000,"TSUGCAN","Tsuga canadensis",7,1339,5.49803591,64.03
"WHCA-03-0016","00-00-1982",1000,"TSUGCAN","Tsuga canadensis",3,1332,7.36016607,36.06
"WHCA-03-0020","00-00-1982",1000,"TSUGCAN","Tsuga canadensis",3,830.7,6.80383396,243.5
"WHCA-03-0021","00-00-1982",1000,"TSUGCAN","Tsuga canadensis",5,1215,7.06757402,330.2
"WHCA-03-0022","00-00-1982",1000,"TSUGCAN","Tsuga canadensis",5,1307,6.19980478,117
"WHCA-03-0024","00-00-1982",1000,"TSUGCAN","Tsuga canadensis",8,1242,3.91121697,299.7
"WHCA-03-0025","00-00-1982",1000,"TSUGCAN","Tsuga canadensis",7,1213,4.18668318,335.4
"WHCA-03-0027","00-00-1982",1000,"TSUGCAN","Tsuga canadensis",7,837.1,4.84279108,30
"WHCA-03-0028","00-00-1982",1000,"TSUGCAN","Tsuga canadensis",5,866.8,4.58699608,223.6
"WHCA-03-0029","00-00-1982",1000,"TSUGCAN","Tsuga canadensis",5,870.8,11.76,36.06
